id_elemento,descripcion,activo
999,VARIOS,true
A0770,ARTEMA,true
AA302,AMEDA AG,true
AB0708,ARISTA BIOLOGICALS INC,true
AB7635,AMERSHAM BIOSCIENCES,true
AC0288,ALP CO LTD,true
AC393,AMERICAN NATIONAL CAN,true
ACCUMAX,ACCUMAX LAB DEVICES,true
AD261,ALKO DIAGNOSTICS CORP,true
AE290,ALSOP ENGINEERING,true
AELAB,AELAB GUANGZHOU CO. LTD,true
AF697,APPLIED FIBEROPTICS,true
AG0110,AGT INTERNACIONAL,true
AH4140,ALLIED HEALTHCARE PROD,true
AI0166,AOV INTERNATIONAL,true
AI0185,ADVANCED INSTRUMENT,true
AI0198,ANGELANTONI INDUSTRIE,true
AI0264,ALBUQUERUE,true
AI0963,ALLGAIER INSTRUMENTE,true
AI270,ALCONOX,true
AK0255,AKRIBIS 1 LLC CONTROL,true
AM0302,ARDO MEDICAL,true
AM0706,ARGUS MEDICAL,true
ANQING,ANQING YIPAK PACKAGING MATERIAL CO.LTD.,true
AP0393,ALCAN PACKAGING,true
AP2132,AMETEK CHATILLON PROD,true
AS100,ACCURACY SCIENTIFIC,true
AT964,AWARENESS TECHNOLOGY INC,true
AX0955,AXMEDITEC,true
B1215,BAUMER S.A.,true
B1437,BIO-TEK INSTRUMENTS,true
B1550,BOEKEL INDUSTRIES,true
B1835,BILBOTRONICS,true
B9671,BIOCAP  S.A.,true
BA1310,BEL-ART PRODUCTS,true
BB0001,BIOBASE MEIHUA TRADING CO.LTD,true
BC0393,BEMIS COMPANY INC,true
BC1025,BAKER COMPANY,true
BC1180,BATTLE CREEK EQUIPMENT CO,true
BC2380,BACHARACH INC,true
BC2782,BRYMILL CRYOGENIC SYSTEMS,true
BD1280,BECTON DICKINSON LATIN,true
BE1220,BAXTER EXPORT CORPORATION,true
BEIJING STAR,BEIJING STARGET CHEMICALS CO. LTD,true
BELART,BELART  USA,true
BI1437,BIO-TEK INSTRUMENTS,true
BI1720,BROWNE INTERNATIONAL,true
BI1765,BUCHLER INSTRUMENTS,true
BM1425,BMS MEDICAL TECHNOLOGIES,true
BM7485,BPL MEDICAL,true
BR1421,BIOLOGIX RESEARCH CO,true
BT1140,BARNSTEAD / THERMOLYNE,true
BU1610,BRANSON ULTRASONICS CORP.,true
BW1372,BEROL WORLD TRADE,true
C2075,CASTLE USA,true
C2400,COLOPLAST,true
CA1921,CAMI SRL,true
CB1935,CAMBRIDGE BIOTECH,true
CB3901,COBE LABORATORIES,true
CC2560,COORS CERAMICS CO,true
CD1935,CAMBRIDGE DIAGNOSTICS,true
CD2350,CLINICAL DIAGNOSTICS INC,true
CE2620,COULTER CORP,true
CG0001,CORAL GABLES KITCHEN,true
CG2590,CORNING INCORPORATED USA,true
CG4200,CARIBBEAN SOUTH LTD,true
CH2140,CHATTANOOGA GROUP,true
CH2313,CLEARVIEW HEALTHCARE PROD,true
CI2698,CULLIGAN INTERNATIONAL CO,true
CISA,CISA BRASILE LTDA,true
CL2020,CARGUILLE LABORATORIES,true
CL2246,CHRONO LOG CORP,true
CM0706,CODAN MEDICAL,true
CM2055,CAS MEDICAL SYSTEMS INC,true
CM2590,CORNING MEXICANA S.A.,true
CM2601,COROMETRICS MEDICAL SYSTEMS,true
CONTURA,CONTURA,true
CP2385,COLE-PARMER INTL,true
CP7911,THERMO ELECTRIC,true
CR5110,CORBETT RESEARCH,true
CS0770,CARDIAC SCIENCE,true
CS2019,CARDINAL SCALE MANUFACTORING,true
CS2077,CENTURION SCIENTIFIC,true
CS2501,CONSOLIDATED STILL & STERILIZERS,true
CT2078,CENTRON TECHNOLOGIES,true
CU2650,CREST ULTRASONICS,true
D2733,DAMECA  A/S,true
D2737,DANMETER  A/S,true
D2741,DAAVLIN,true
D2782,DELASCO,true
D9671,DARQUIER,true
DH7545,DHD HEALTHCARE CORP,true
DI2730,DAIWA IRYOKI CO,true
DI3122,DYNAMED INTERNATIONAL,true
DIGISYSTEM,DIGISYSTEM LABORATORY,true
DM2725,DANTEC MEDICAL,true
DM2731,DATA MEDICAL,true
DM3047,DRAGER MEDICAL,true
DP2935,DIACARBIDE PRODUCTS INC,true
DR3050,DUNLAP EXPORT CO,true
DS3049,DONN SHERILL ASSOC,true
DT5641,DIXON TICONDEROGA MEXICO,true
DWK,DWK LIFE SCIENCES S. DE R.L.,true
EB3505,ESCHMANN BROS,true
EC3190,EBERBACH CORPORATION,true
EC3373,ELLTEC CO LTD,true
EE ENVAS,ESPECIALISTAS EN ESTERILIZACION,true
EM3544,EVERMED MEDICAL,true
EM6570,EUROMEX,true
ER3412,ENGINEERING & RESEARCH,true
ER3560,EVER READY / THERMOMETER,true
ES3461,ERIE SCIENTIFIC,true
EY3561,EYMASA INCOTRON,true
FLORES,FLORES VALLES,true
FOUR ES,FOUR E´S SCIENTIFIC,true
FS3730,FISHER SCIENTIFIC CO,true
FS3790,THERMO FORMA,true
FS3894,COGENT /FU SHUN HSING,true
G3901,GAMBRO,true
G4041,GIMA,true
G4140,ALLIED HEALTHCARE PROD,true
GA4200,GRANT MANUFACTORING,true
GE3970,GE HEALTHCARE BIOSCIENCE,true
GF3900,GFL,true
GF4190,GRAHAM FIELD,true
GI4011,GEMMY INDUSTRIAL CORP,true
GL4175,GOWLLANDS LIMITED,true
GL4300,GULL LABORATORIES,true
GT4195,GRASS TECHNOLOGIES,true
H4316,HAEMONETICS,true
HA4460,HARVARD APPARATUS,true
HB100,H-B INSTRUMENT COMPANY,true
HC4410,HANOVIA,true
HENAN,HENAN BAISTRA INDUSTRIES CORP,true
HERMAN,HERMAN MILLER REPLACEMENT PARTS,true
HG4493,HAWO GMBH,true
HH4475,HUNTLEIGH HEALTHCARE,true
HH4786,HUNTLEIGH HEALTHCARE,true
HI4310,HACKER INC,true
HI4499,HELMER  INC,true
HINSCHA,HINSCHA EXPERT IN,true
HL4316,HAEMO-LAB COROPORATION,true
HM4316,HEMO MEDICA  S.R.L.,true
HM4325,HAIER MEDICAL,true
HM4428,HANSHIN MEDICAL CO LTD,true
HM4490,HAUSTED  INC,true
HM4496,HEADSTAR MEDICLA PRODUCTS,true
HR4609,HILL-ROM,true
HS4471,HAUSSER SCIENTIFIC,true
I17475,INTEGRA NEUROSCIENCES,true
I4964,INTERNATIONAL ATOMIC,true
IC5037,ITAC CORPORATION,true
ID4885,IND DIAGNOSTIC INC,true
IE001,INSUMOS ELECTRONICOS S.A.,true
IE4940,THERMO I.E.C.,true
II4925,INTECCON INC,true
IL4918,INNOVATIVE LAB SUPLLY,true
JC5221,JOHN CHATILLON & SONS,true
JDH000,J.D. HONIGBERG,true
JI5570,INTERNATIONAL TRADING CORP,true
JL5110,COLE PARMER ( JENWAY ),true
JM6394,JAGCO MEDICAL PROD,true
JP4316,JP INDUSTRIA FARMACEUTICA,true
JP5190,JORDAN PAPER CO.,true
JW,JW MWDICAL,true
JW5155,JW MEDICAL CORPORATION,true
K05282,KENKAR,true
KA5281,KEN  A/S,true
KERN,KERN & SOHN GMBH,true
KI5226,KACIL INDUSTRIA  E COMERCIO,true
KO5532,KYOWA OPTICAL,true
KT5252,KAMIYA TSUSAN KAISHA,true
L5574,LABSYSTEMS,true
L5888,LITZ,true
LA5605,LAB ALLIENCE,true
LAUDA,LAUDA,true
LC5580,LABCONCO CORP,true
LD5585,LABORAOTORY DIAGNOSTICS,true
LE5566,LABEQUIP LTD,true
LE5965,LUTRON ELECTRONICS CO,true
LG3955,LOCUS  GENEX,true
LI550,LEICA INC,true
LI5560,LAINDUSTRIES INC,true
LI7461,LUIZA INTERNATIONAL,true
LIFE TEC,LIFE TECHNOLOGIES,true
LL5570,LAB-LINE INDTRUMENT,true
LL5915,LORNE LABORATORIES,true
LM5836,LINA MEDICAL,true
LT5890,LMB TECHNOLOGIE,true
M6272,MATACHANA S.A.,true
M6382A,MEDASONICS,true
M6525,MEMMERT GMBH,true
MB6636,MINDRAY BIO MEDICAL,true
MB6750,MOLECULAR BIOPRODUCTS,true
MC6110,MAIMIN CO,true
MC6145,MANOSTAT CORPORATION,true
MCD-01,MERCADERIA SOBRANTE,true
MCD-02,MERCADERIA FALTANTE,true
MCD-03,MERCADERIA ROTA DET.,true
MCD-04,MERCADERIA VENCIDA,true
MCD-05,MERCADERIA BAJA,true
MD2725,MEDTRONICS,true
ME6205,MARQWUETTE ELECTRONICS,true
ME6395,MEDICAL EQUIPMENTE & PARTS,true
ME6400,M.I.L. EXPORT,true
ME6416,MEDILAND ENTERPRISE,true
MF5810,MIDLAND FISC. LTD,true
MI6112,MADA INTERNATIONAL,true
MI6183,MAGIK INTERNATIONAL,true
MI6398,MEDICAL INTERNATIONAL,true
MI6405,MEDICON INSTRUMENTE,true
MI6408,M.D.  INTERNATIONAL,true
MI6565,MICROMERITICS INSTRUMENT,true
ML6414,MEDISPOREX LIMITED,true
MN6114,MACHEREY-NAGEL GMBH,true
MN7625,MAERSK MEDICAL,true
MP6408,MEDI-POINT,true
MP6570,MICROS PRODUKTIONS,true
MS6071,MACKIE 3M SPECIALITIES,true
MS6392,MEDICAL SYSTEMS INTERNATIONAL,true
MS6635,MINE SAFETY APPLIEANCES,true
MT6394,MEDI-TECH INTERNATIONAL,true
MU6393,MEDISONIC USA INC,true
MV6650,MINNESOTA VALLEY ENGINEER,true
MW6580,MICROWARM,true
N7117,NIKOMED,true
NB7106,NEW BRUNSWICK,true
NC6940,NALGENE / NUNC,true
NEST,NEST,true
NF6951,NASCO FORT,true
NG7107,NEUTEC GROUP INC,true
NH7121,NINGBO HAISHU KESHENG,true
NM7109,NEWPORT MEDICAL,true
NM7116,NIPRO MEDICAL,true
NM7117,NIKO-MAERSK MEDICAL,true
NUVE,NUVE,true
NV7119,CARE FUSION,true
OA7308,ORBECO ANALYTICAL SYSTEM,true
OC7263,OLIDEF CZ INDUSTRIA CO,true
OC7365,OSATU S. CORP,true
OC7375,OSMONICS,true
OS7250,OHAUS CORPORATION,true
P7545,PEGASUS,true
P7819,POLYSTAN A/S,true
P8020,PROPPER MANUFACTORING,true
PB7635,PHARMACIA BIOTECH,true
PC7485,PALL  CORPORATION,true
PE0999,PROFESSIONAL EQUIPMENT,true
PG7875,PRECISA GRAVIMETRICS AG,true
PH7581,PHARMACOSMOS A/S,true
PH7625,PHARMA-PLAST,true
PI7475,PAFGETT INSTRUMENTS INC,true
PI7685,PHONETICS INC. SENSAPHONE,true
PL7509,PARKER LABORATORIES INC,true
PLAS,PLAS LABS  INC,true
PP0393,PECHINEY ( BEMIS  CO.,true
PR7545,PEGASUS RESEARCH CO.,true
PROTEA,PROTEA DEVELOPS,true
PS7817,POPPER & SONS INC,true
PS7890,PRECISION SCIENTIFIC,true
PS7891,PRECISION SYSTEMS,true
PT7461,PACE TECH INC,true
R0001,RIOQUIMICA,true
R4140,ALLIED HEALTHCARE PROD,true
R8190,RADIOMETER,true
RADWAG,RADWAG,true
RATIOLAB,RATIOLAB GMBH,true
RAYPA,RAYPA,true
RC8190,RHOSEIM CIA. LTD,true
RI8165,RADICAL INSTRUMENTS,true
RR8465,RUDOLF RIESTER,true
RT2590,RT PRODUCTOS TECNICOS,true
S5641,SANFORD,true
SB8724,SBS BRASIL INDUSTRIA,true
SB8725,SCIENCE BASIC SOLUTIONS,true
SC7634,SCHOCH ELECTRONIC,true
SC8790,SCHUELER & COMPANY,true
SC8835,SCIENTIFIC CELL COMPANY,true
SC9451,MEDILAND ENTERPRISE,true
SC9455,STERIS CORPORATION,true
SD9545,SURMED-DESTRADE INDUSTRIA,true
SE4316,SEBRA ENG & RES. INC,true
SE7634,SCHOCH ELECTRONICS,true
SEEDBURO,SEEDBURO EQUIPMENT CO.,true
SG9213,SORING GMBH,true
SH5705,SHERWOOD MEDICAL,true
SHENYANG,SHENYANG ROUNDFIN TECHNOLOGY CO LTD,true
SI9274,SPECTRONIC INSTRUMENT,true
SI9312,SP INDUSTRIES,true
SL8948,SEWARD LABORATORY SYSTEMS,true
SL9472,STREAM LINE LABORAOTRY,true
SM4609,STEO-MEDICAL,true
SM9002,SHINVA MEDICAL INSTRUMENT,true
SM9130,SLEE MAINZ,true
SM9497,STRATEC MEDICAL,true
SN9154,SMITH & NEPHEW INC,true
SP7911,SAMMONS PRESTON,true
SP9265,SP SCIENTIFIC,true
SS8841,SCIENTIFIC SUPPLIES,true
SS8845,SCIENTIFIC SYSTEMS,true
SS8935,SETRA SYSTEMS,true
TB1835,TRINITY BIOTECH PLC,true
TC9735,TETT CORPORATION,true
TD2866,THE DENOMINATOR COMPANY,true
TE4940,THERMO FISHER SCIENTIFIC,true
TE9740,THERMO ELECTRON,true
TG9738,THARMAC GMBH,true
TH9776,THOMAS,true
TH9791,T.F. HERCEG INC,true
THISTLE,THISTLE SCIENTIFIC LTD,true
TI9628,TSI INC. & ALNOR INC,true
TJ4940,THERMO JOUAN,true
TK9585,TAICANG KANGHUI TECHNOLOG,true
TL5574,THERMO LABSYSTEMS,true
TL9815,TIMGUARD LIMITED,true
TS9671,TECNON SRL.,true
TS9813,TIMESCO SURGICAL,true
U10215,UNITED METAL FABRICATORS,true
UL7433,OXOID LIMITED,true
V10305,VERAMED INC,true
V10321,VITALOGRAPH LTD,true
V10346,VIRTIS,true
VN7119,VIASYS NEUROCARE,true
W10535,WEBECO GMBH & CO.,true
W10648,WHEATON SCIENCE PRODUCTS,true
W10650,WHATMAN INTL LIMITED,true
W10655,WEIMANN HAMBURG,true
W10775,WISCONSIN ALUMINIUM,true
W10780,WLD TEC  GMBH,true
WB1200,W.A. BAUM COMPANY,true
WUXI,WUXI HIWELL-DIATEK INSTRUMENTS CO.LTD,true
X10860,XANTREX,true
Y10855,YANCHENG JINGWEI INTL,true
,true